{ "compressionlevel":-1,
 "editorsettings":
    {
     "export":
        {
         "format":"json",
         "target":"Tiles maps\/2_2.json"
        }
    },
 "height":12,
 "infinite":false,
 "layers":[
        {
         "data":[11, 11, 11, 11, 11, 11, 11, 11, 11, 11, 11, 11, 11, 11, 11, 11, 11, 11, 11, 11, 11, 11, 11,
            11, 5, 11, 11, 11, 11, 11, 11, 11, 11, 11, 11, 11, 11, 11, 11, 11, 11, 11, 11, 5, 11, 11,
            11, 5, 11, 11, 11, 11, 11, 11, 11, 11, 11, 11, 11, 11, 11, 11, 11, 11, 11, 11, 5, 11, 11,
            11, 5, 11, 11, 11, 8, 8, 8, 8, 8, 8, 11, 11, 8, 8, 8, 8, 8, 11, 11, 5, 11, 11,
            11, 5, 11, 11, 11, 8, 11, 11, 11, 11, 8, 11, 11, 8, 11, 11, 11, 8, 11, 11, 5, 11, 11,
            11, 5, 11, 11, 11, 8, 11, 11, 11, 11, 11, 11, 11, 11, 11, 11, 11, 8, 11, 11, 5, 11, 11,
            11, 5, 11, 11, 11, 8, 11, 11, 11, 11, 11, 11, 11, 11, 11, 11, 11, 8, 11, 11, 5, 11, 11,
            11, 5, 11, 11, 11, 8, 8, 8, 8, 8, 8, 11, 11, 8, 8, 8, 8, 8, 11, 11, 5, 11, 11,
            11, 5, 11, 11, 11, 11, 11, 11, 11, 11, 11, 11, 11, 11, 11, 11, 11, 11, 11, 11, 5, 11, 11,
            11, 5, 11, 11, 11, 11, 11, 11, 11, 11, 11, 11, 11, 11, 11, 11, 11, 11, 11, 11, 5, 11, 11,
            11, 5, 11, 11, 11, 11, 11, 11, 11, 11, 11, 11, 11, 11, 11, 11, 11, 11, 11, 11, 5, 11, 11,
            11, 11, 11, 11, 11, 11, 11, 11, 11, 11, 11, 11, 11, 11, 11, 11, 11, 11, 11, 11, 11, 11, 11],
         "height":12,
         "id":1,
         "name":"Tile Layer 1",
         "opacity":1,
         "type":"tilelayer",
         "visible":true,
         "width":23,
         "x":0,
         "y":0
        }],
 "nextlayerid":2,
 "nextobjectid":1,
 "orientation":"orthogonal",
 "renderorder":"right-down",
 "tiledversion":"1.11.2",
 "tileheight":30,
 "tilesets":[
        {
         "columns":1,
         "firstgid":1,
         "image":"Tiles maps\/blocks.png",
         "imageheight":330,
         "imagewidth":53,
         "margin":0,
         "name":"blocks",
         "spacing":0,
         "tilecount":11,
         "tileheight":30,
         "tilewidth":53
        }],
 "tilewidth":53,
 "type":"map",
 "version":"1.10",
 "width":23
}