{ "compressionlevel":-1,
 "editorsettings":
    {
     "export":
        {
         "format":"json"
        }
    },
 "height":12,
 "infinite":false,
 "layers":[
        {
         "data":[0, 0, 0, 8, 8, 8, 8, 8, 8, 8, 8, 8, 8, 8, 8, 8, 8, 8, 0, 0,
            0, 0, 0, 8, 13, 2, 2, 2, 2, 2, 2, 2, 2, 2, 2, 2, 14, 8, 0, 0,
            0, 0, 0, 8, 1, 8, 8, 8, 8, 8, 8, 8, 8, 8, 8, 8, 3, 8, 0, 0,
            0, 0, 0, 8, 1, 8, 13, 10, 10, 10, 10, 10, 10, 10, 14, 8, 3, 8, 0, 0,
            0, 0, 0, 8, 1, 8, 9, 8, 8, 8, 8, 8, 8, 8, 11, 8, 3, 8, 0, 0,
            0, 0, 0, 8, 1, 8, 9, 8, 13, 3, 3, 12, 3, 8, 11, 8, 3, 8, 0, 0,
            0, 0, 0, 8, 1, 8, 9, 8, 2, 8, 3, 3, 3, 8, 11, 8, 3, 8, 0, 0,
            0, 0, 0, 8, 1, 8, 9, 8, 2, 8, 8, 8, 8, 8, 11, 8, 3, 8, 0, 0,
            0, 0, 0, 8, 1, 8, 9, 8, 14, 1, 1, 1, 1, 1, 13, 8, 3, 8, 0, 0,
            0, 0, 0, 8, 1, 8, 9, 8, 8, 8, 8, 8, 8, 8, 8, 8, 3, 8, 0, 0,
            0, 0, 0, 8, 1, 8, 14, 4, 4, 4, 4, 4, 4, 4, 4, 4, 13, 8, 0, 0,
            0, 0, 0, 8, 14, 8, 8, 8, 8, 8, 8, 8, 8, 8, 8, 8, 8, 8, 0, 0],
         "height":12,
         "id":1,
         "name":"Tile Layer 1",
         "opacity":1,
         "type":"tilelayer",
         "visible":true,
         "width":20,
         "x":0,
         "y":0
        }],
 "nextlayerid":2,
 "nextobjectid":1,
 "orientation":"orthogonal",
 "renderorder":"right-down",
 "tiledversion":"1.10.1",
 "tileheight":30,
 "tilesets":[
        {
         "columns":1,
         "firstgid":1,
         "image":"..\/..\/images\/blocks.png",
         "imageheight":420,
         "imagewidth":53,
         "margin":0,
         "name":"blocks",
         "spacing":0,
         "tilecount":14,
         "tileheight":30,
         "tilewidth":53
        }],
 "tilewidth":53,
 "type":"map",
 "version":"1.10",
 "width":20
}