{ "compressionlevel":-1,
 "editorsettings":
    {
     "export":
        {
         "format":"json"
        }
    },
 "height":17,
 "infinite":false,
 "layers":[
        {
         "data":[10, 10, 10, 10, 10, 10, 10, 10, 10, 10, 10, 10, 10, 10, 10, 10, 10, 10, 10, 10,
            10, 10, 10, 10, 10, 10, 10, 10, 10, 10, 10, 10, 10, 10, 10, 10, 10, 10, 10, 10,
            10, 10, 8, 5, 2, 10, 10, 10, 10, 10, 4, 10, 10, 10, 10, 3, 5, 8, 10, 10,
            10, 10, 10, 5, 10, 2, 10, 10, 10, 10, 10, 10, 10, 10, 3, 10, 5, 10, 10, 10,
            10, 10, 10, 5, 10, 10, 2, 10, 10, 10, 4, 10, 10, 3, 10, 10, 5, 10, 10, 10,
            10, 10, 10, 5, 4, 10, 10, 2, 10, 10, 10, 10, 3, 10, 10, 4, 5, 10, 10, 10,
            10, 10, 10, 5, 10, 10, 10, 10, 2, 10, 4, 3, 10, 10, 10, 10, 5, 10, 10, 10,
            10, 10, 10, 5, 4, 10, 10, 10, 10, 2, 3, 10, 10, 10, 10, 4, 5, 10, 10, 10,
            10, 10, 10, 5, 10, 10, 10, 10, 10, 3, 2, 10, 10, 10, 10, 10, 5, 10, 10, 10,
            10, 10, 10, 5, 4, 10, 10, 10, 3, 10, 4, 2, 10, 10, 10, 4, 5, 10, 10, 10,
            10, 10, 10, 5, 10, 10, 10, 3, 10, 10, 10, 10, 2, 10, 10, 10, 5, 10, 10, 10,
            10, 10, 10, 5, 10, 10, 3, 10, 10, 10, 4, 10, 10, 2, 10, 10, 5, 10, 10, 10,
            10, 10, 10, 5, 10, 3, 10, 10, 10, 10, 10, 10, 10, 10, 2, 10, 5, 10, 10, 10,
            10, 10, 10, 5, 3, 10, 10, 10, 10, 10, 4, 10, 10, 10, 10, 2, 5, 10, 10, 10,
            10, 10, 8, 5, 10, 10, 10, 10, 10, 10, 10, 10, 10, 10, 10, 10, 5, 8, 10, 10,
            10, 10, 10, 10, 10, 10, 10, 10, 10, 10, 4, 10, 10, 10, 10, 10, 10, 10, 10, 10,
            10, 10, 10, 10, 10, 10, 10, 10, 10, 10, 10, 10, 10, 10, 10, 10, 10, 10, 10, 10],
         "height":17,
         "id":1,
         "name":"Tile Layer 1",
         "opacity":1,
         "type":"tilelayer",
         "visible":true,
         "width":20,
         "x":0,
         "y":0
        }],
 "nextlayerid":2,
 "nextobjectid":1,
 "orientation":"orthogonal",
 "renderorder":"right-down",
 "tiledversion":"1.10.1",
 "tileheight":30,
 "tilesets":[
        {
         "columns":1,
         "firstgid":1,
         "image":"blocks.png",
         "imageheight":420,
         "imagewidth":53,
         "margin":0,
         "name":"blocks",
         "spacing":0,
         "tilecount":14,
         "tileheight":30,
         "tilewidth":53
        }],
 "tilewidth":53,
 "type":"map",
 "version":"1.10",
 "width":20
}