{ "compressionlevel":-1,
 "editorsettings":
    {
     "export":
        {
         "format":"json"
        }
    },
 "height":17,
 "infinite":false,
 "layers":[
        {
         "data":[10, 3, 3, 3, 5, 3, 3, 9, 9, 4, 4, 3, 3, 3, 3, 3, 4, 3, 3, 3,
            3, 3, 3, 3, 5, 1, 4, 3, 9, 9, 3, 4, 3, 3, 3, 4, 3, 3, 3, 3,
            3, 3, 2, 5, 2, 2, 4, 3, 0, 2, 9, 9, 4, 2, 4, 2, 0, 2, 2, 2,
            3, 3, 2, 5, 1, 3, 4, 10, 10, 0, 4, 1, 9, 9, 1, 0, 4, 3, 3, 3,
            4, 4, 5, 5, 5, 5, 10, 10, 5, 0, 5, 5, 5, 9, 1, 0, 3, 3, 3, 3,
            4, 4, 5, 5, 3, 10, 4, 10, 3, 3, 0, 1, 4, 4, 9, 9, 1, 3, 1, 1,
            4, 4, 5, 5, 10, 4, 3, 10, 3, 2, 0, 3, 4, 0, 3, 1, 9, 3, 1, 3,
            4, 3, 5, 10, 3, 4, 3, 3, 10, 1, 3, 0, 0, 1, 1, 3, 1, 9, 9, 3,
            3, 3, 5, 10, 3, 4, 1, 2, 10, 3, 3, 0, 0, 1, 4, 3, 3, 1, 3, 3,
            3, 3, 10, 5, 3, 4, 1, 2, 3, 4, 3, 0, 0, 3, 3, 3, 1, 3, 4, 3,
            3, 10, 3, 5, 5, 5, 5, 5, 3, 3, 3, 0, 3, 0, 3, 3, 1, 3, 3, 3,
            10, 10, 3, 3, 5, 4, 3, 3, 5, 5, 0, 3, 3, 0, 3, 3, 1, 4, 4, 3,
            10, 1, 1, 1, 3, 5, 5, 1, 1, 0, 1, 1, 8, 1, 0, 1, 3, 3, 3, 2,
            10, 1, 1, 1, 3, 4, 2, 5, 8, 8, 8, 8, 8, 5, 0, 0, 3, 3, 5, 5,
            1, 1, 3, 3, 3, 4, 3, 8, 0, 0, 4, 3, 3, 1, 5, 0, 5, 5, 0, 0,
            1, 3, 3, 3, 4, 8, 8, 1, 0, 0, 0, 0, 0, 0, 0, 0, 0, 0, 3, 3,
            1, 1, 3, 8, 8, 3, 4, 4, 3, 3, 3, 2, 2, 3, 2, 2, 3, 3, 4, 4],
         "height":17,
         "id":1,
         "name":"Tile Layer 1",
         "opacity":1,
         "type":"tilelayer",
         "visible":true,
         "width":20,
         "x":0,
         "y":0
        }],
 "nextlayerid":2,
 "nextobjectid":1,
 "orientation":"orthogonal",
 "renderorder":"right-down",
 "tiledversion":"1.10.1",
 "tileheight":30,
 "tilesets":[
        {
         "columns":1,
         "firstgid":1,
         "image":"blocks.png",
         "imageheight":420,
         "imagewidth":53,
         "margin":0,
         "name":"blocks",
         "spacing":0,
         "tilecount":14,
         "tileheight":30,
         "tilewidth":53
        }],
 "tilewidth":53,
 "type":"map",
 "version":"1.10",
 "width":20
}