{ "compressionlevel":-1,
 "height":18,
 "infinite":false,
 "layers":[
        {
         "data":[5, 0, 8, 0, 0, 0, 8, 0, 0, 0, 11, 1, 1, 1, 11, 1, 11, 1, 1, 1, 11, 0, 0,
            0, 8, 0, 0, 0, 0, 0, 8, 0, 0, 11, 11, 1, 11, 11, 1, 11, 1, 11, 11, 11, 0, 0,
            0, 11, 0, 11, 11, 11, 0, 11, 0, 0, 11, 11, 1, 11, 11, 1, 11, 1, 1, 11, 11, 0, 5,
            8, 0, 0, 11, 11, 11, 0, 0, 8, 0, 11, 11, 1, 11, 11, 1, 11, 1, 11, 11, 11, 0, 5,
            8, 8, 8, 11, 12, 11, 8, 8, 8, 0, 11, 11, 1, 11, 11, 1, 11, 1, 1, 1, 11, 0, 0,
            8, 0, 0, 11, 11, 1, 0, 0, 8, 0, 0, 0, 0, 0, 0, 0, 8, 0, 0, 0, 8, 0, 0,
            0, 11, 0, 11, 11, 1, 0, 11, 0, 0, 0, 0, 0, 0, 0, 8, 0, 0, 0, 0, 0, 8, 0,
            0, 8, 0, 0, 0, 1, 0, 8, 0, 0, 0, 0, 5, 5, 0, 11, 0, 11, 11, 11, 0, 11, 0,
            0, 0, 8, 1, 0, 1, 8, 0, 0, 0, 0, 0, 5, 5, 8, 0, 0, 11, 11, 11, 0, 0, 8,
            0, 0, 0, 1, 0, 1, 0, 0, 5, 0, 0, 0, 0, 0, 8, 8, 8, 11, 12, 11, 8, 8, 8,
            0, 0, 0, 1, 0, 0, 0, 5, 0, 0, 0, 0, 0, 0, 8, 0, 0, 1, 11, 11, 0, 0, 8,
            0, 0, 0, 1, 0, 0, 0, 0, 0, 0, 0, 0, 0, 0, 0, 11, 0, 1, 11, 11, 0, 11, 0,
            5, 5, 0, 1, 0, 0, 0, 0, 0, 0, 0, 5, 0, 0, 0, 8, 0, 1, 0, 0, 0, 8, 0,
            0, 0, 0, 0, 0, 0, 0, 0, 0, 0, 0, 0, 0, 0, 0, 0, 8, 1, 0, 1, 8, 0, 0,
            0, 0, 0, 0, 0, 0, 0, 0, 0, 0, 0, 0, 0, 0, 0, 0, 0, 1, 0, 1, 0, 0, 0,
            0, 0, 0, 0, 0, 0, 0, 0, 0, 0, 0, 0, 0, 0, 0, 0, 0, 0, 0, 1, 0, 0, 0,
            0, 0, 0, 0, 0, 0, 0, 0, 0, 0, 0, 0, 0, 0, 0, 0, 0, 0, 0, 1, 0, 0, 0,
            0, 0, 0, 0, 0, 0, 0, 0, 0, 0, 0, 0, 0, 0, 0, 0, 0, 0, 0, 0, 0, 0, 0],
         "height":18,
         "id":1,
         "name":"Tile Layer 1",
         "opacity":1,
         "type":"tilelayer",
         "visible":true,
         "width":23,
         "x":0,
         "y":0
        }],
 "nextlayerid":2,
 "nextobjectid":1,
 "orientation":"orthogonal",
 "renderorder":"right-down",
 "tiledversion":"1.11.2",
 "tileheight":30,
 "tilesets":[
        {
         "columns":1,
         "firstgid":1,
         "image":"blocks.png",
         "imageheight":420,
         "imagewidth":53,
         "margin":0,
         "name":"blocks",
         "spacing":0,
         "tilecount":14,
         "tileheight":30,
         "tilewidth":53
        }],
 "tilewidth":53,
 "type":"map",
 "version":"1.10",
 "width":23
}