{ "compressionlevel":-1,
 "height":18,
 "infinite":false,
 "layers":[
        {
         "data":[9, 9, 9, 9, 9, 9, 9, 9, 9, 9, 9, 9, 9, 9, 9, 9, 9, 9, 9, 9, 9, 9, 9,
            9, 9, 9, 9, 9, 9, 9, 9, 11, 11, 11, 11, 11, 11, 9, 9, 9, 9, 9, 9, 9, 9, 9,
            9, 9, 9, 9, 9, 9, 9, 11, 3, 3, 3, 3, 3, 3, 11, 9, 9, 9, 9, 9, 9, 9, 9,
            9, 1, 9, 1, 9, 9, 11, 3, 3, 3, 3, 3, 3, 3, 3, 11, 9, 9, 1, 9, 1, 9, 9,
            1, 1, 1, 1, 1, 9, 11, 3, 3, 11, 3, 3, 11, 3, 3, 11, 9, 1, 1, 1, 1, 1, 9,
            1, 1, 1, 1, 1, 9, 11, 3, 3, 3, 3, 3, 3, 3, 3, 11, 9, 1, 1, 1, 1, 1, 9,
            9, 1, 1, 1, 9, 9, 11, 3, 3, 3, 3, 3, 3, 3, 3, 11, 9, 9, 1, 1, 1, 9, 9,
            9, 9, 1, 9, 9, 9, 11, 3, 11, 11, 11, 11, 11, 11, 3, 11, 9, 9, 9, 1, 9, 9, 9,
            9, 9, 9, 9, 9, 9, 11, 3, 11, 11, 11, 11, 11, 11, 3, 11, 9, 9, 9, 9, 9, 9, 9,
            9, 9, 9, 9, 9, 9, 11, 3, 3, 11, 11, 11, 11, 3, 3, 11, 9, 9, 9, 9, 9, 9, 9,
            9, 9, 9, 9, 9, 9, 11, 3, 3, 3, 11, 11, 3, 3, 3, 11, 9, 9, 9, 9, 9, 9, 9,
            8, 8, 8, 8, 8, 8, 8, 11, 3, 3, 3, 3, 3, 3, 11, 8, 8, 8, 8, 8, 8, 8, 8,
            8, 8, 8, 8, 8, 8, 8, 8, 11, 11, 11, 11, 11, 11, 8, 8, 8, 8, 8, 8, 8, 8, 8,
            0, 0, 0, 0, 0, 0, 0, 8, 8, 8, 0, 0, 8, 8, 8, 0, 0, 0, 0, 0, 0, 0, 0,
            0, 0, 0, 0, 0, 0, 0, 0, 0, 0, 0, 0, 0, 0, 0, 0, 0, 0, 0, 0, 0, 0, 0,
            0, 0, 0, 0, 0, 0, 0, 0, 0, 0, 0, 0, 0, 0, 0, 0, 0, 0, 0, 0, 0, 0, 0,
            0, 0, 0, 0, 0, 0, 0, 0, 0, 0, 0, 0, 0, 0, 0, 0, 0, 0, 0, 0, 0, 0, 0,
            0, 0, 0, 0, 0, 0, 0, 0, 0, 0, 0, 0, 0, 0, 0, 0, 0, 0, 0, 0, 0, 0, 0],
         "height":18,
         "id":1,
         "name":"Tile Layer 1",
         "opacity":1,
         "type":"tilelayer",
         "visible":true,
         "width":23,
         "x":0,
         "y":0
        }],
 "nextlayerid":2,
 "nextobjectid":1,
 "orientation":"orthogonal",
 "renderorder":"right-down",
 "tiledversion":"1.11.2",
 "tileheight":30,
 "tilesets":[
        {
         "columns":1,
         "firstgid":1,
         "image":"blocks.png",
         "imageheight":420,
         "imagewidth":53,
         "margin":0,
         "name":"blocks",
         "spacing":0,
         "tilecount":14,
         "tileheight":30,
         "tilewidth":53
        }],
 "tilewidth":53,
 "type":"map",
 "version":"1.10",
 "width":23
}