{ "compressionlevel":-1,
 "height":18,
 "infinite":false,
 "layers":[
        {
         "data":[5, 5, 5, 0, 5, 5, 5, 0, 5, 5, 5, 0, 5, 5, 5, 0, 5, 5, 5, 0, 5, 5, 5,
            5, 1, 5, 0, 5, 2, 5, 0, 5, 4, 5, 0, 5, 4, 5, 0, 5, 2, 5, 0, 5, 1, 5,
            5, 1, 5, 0, 5, 2, 5, 0, 5, 4, 5, 0, 5, 4, 5, 0, 5, 2, 5, 0, 5, 1, 5,
            5, 1, 5, 0, 5, 2, 5, 0, 5, 4, 5, 0, 5, 4, 5, 0, 5, 2, 5, 0, 5, 1, 5,
            5, 1, 5, 0, 5, 2, 5, 0, 5, 4, 5, 0, 5, 4, 5, 0, 5, 2, 5, 0, 5, 1, 5,
            5, 1, 5, 0, 5, 2, 5, 0, 5, 4, 5, 0, 5, 4, 5, 0, 5, 2, 5, 0, 5, 1, 5,
            5, 1, 5, 0, 5, 2, 5, 0, 5, 3, 5, 0, 5, 3, 5, 0, 5, 2, 5, 0, 5, 1, 5,
            5, 1, 5, 0, 5, 2, 5, 0, 5, 3, 5, 0, 5, 3, 5, 0, 5, 2, 5, 0, 5, 1, 5,
            5, 1, 5, 0, 5, 2, 5, 0, 5, 3, 5, 0, 5, 3, 5, 0, 5, 2, 5, 0, 5, 1, 5,
            5, 1, 5, 0, 5, 2, 5, 0, 5, 3, 5, 0, 5, 3, 5, 0, 5, 2, 5, 0, 5, 1, 5,
            5, 1, 5, 0, 5, 2, 5, 0, 5, 3, 5, 0, 5, 3, 5, 0, 5, 2, 5, 0, 5, 1, 5,
            5, 5, 5, 0, 5, 5, 5, 0, 5, 5, 5, 0, 5, 5, 5, 0, 5, 5, 5, 0, 5, 5, 5,
            0, 0, 0, 0, 0, 0, 0, 0, 0, 0, 0, 0, 0, 0, 0, 0, 0, 0, 0, 0, 0, 0, 0,
            0, 0, 0, 0, 0, 0, 0, 0, 0, 0, 0, 0, 0, 0, 0, 0, 0, 0, 0, 0, 0, 0, 0,
            0, 0, 0, 0, 0, 0, 0, 0, 0, 0, 0, 0, 0, 0, 0, 0, 0, 0, 0, 0, 0, 0, 0,
            0, 0, 0, 0, 0, 0, 0, 0, 0, 0, 0, 0, 0, 0, 0, 0, 0, 0, 0, 0, 0, 0, 0,
            0, 0, 0, 0, 0, 0, 0, 0, 0, 0, 0, 0, 0, 0, 0, 0, 0, 0, 0, 0, 0, 0, 0,
            0, 0, 0, 0, 0, 0, 0, 0, 0, 0, 0, 0, 0, 0, 0, 0, 0, 0, 0, 0, 0, 0, 0],
         "height":18,
         "id":1,
         "name":"Tile Layer 1",
         "opacity":1,
         "type":"tilelayer",
         "visible":true,
         "width":23,
         "x":0,
         "y":0
        }],
 "nextlayerid":2,
 "nextobjectid":1,
 "orientation":"orthogonal",
 "renderorder":"right-down",
 "tiledversion":"1.10.1",
 "tileheight":30,
 "tilesets":[
        {
         "columns":1,
         "firstgid":1,
         "image":"..\/..\/images\/blocks.png",
         "imageheight":210,
         "imagewidth":53,
         "margin":0,
         "name":"blocks",
         "spacing":0,
         "tilecount":7,
         "tileheight":30,
         "tilewidth":53
        }],
 "tilewidth":53,
 "type":"map",
 "version":"1.10",
 "width":23
}